Transaction Date,Customer Age Group,Transaction Amount,Category,Reward Points Earned,Transaction Frequency,Quarter No
2024-01-04T18:30:00.000Z,26-40,4396.760017,Travel,61,6,Q1
2024-01-02T18:30:00.000Z,26-40,4065.656698,Groceries,89,3,Q1
2024-03-10T18:30:00.000Z,18-25,3327.352219,Groceries,31,2,Q1
2025-07-05T18:30:00.000Z,26-40,1702.262769,Entertainment,31,1,Q3
2023-01-03T18:30:00.000Z,41+,361.8197283,Groceries,66,8,Q1
2023-08-31T18:30:00.000Z,26-40,2904.392055,Entertainment,19,1,Q3
2025-06-19T18:30:00.000Z,41+,3601.275912,Travel,53,5,Q2
2023-06-14T18:30:00.000Z,26-40,480.2593489,Entertainment,76,6,Q2
2023-01-25T18:30:00.000Z,18-25,3172.500622,Utilities,74,3,Q1
2024-01-29T18:30:00.000Z,18-25,1438.966679,Travel,95,7,Q1
2024-04-17T18:30:00.000Z,26-40,3823.578664,Groceries,22,2,Q2
2023-01-16T18:30:00.000Z,18-25,2702.683095,Groceries,23,7,Q1
2024-12-27T18:30:00.000Z,18-25,653.8935712,Entertainment,87,2,Q4
2023-04-01T18:30:00.000Z,41+,2637.332044,Entertainment,15,5,Q2
2024-04-26T18:30:00.000Z,18-25,1984.726948,Groceries,26,7,Q2
2024-06-25T18:30:00.000Z,18-25,909.9762817,Utilities,3,3,Q2
2023-07-23T18:30:00.000Z,41+,4209.163463,Entertainment,87,4,Q3
2024-05-15T18:30:00.000Z,41+,65.03195801,Groceries,20,1,Q2
2025-07-18T18:30:00.000Z,18-25,1567.520102,Entertainment,40,3,Q3
2024-02-03T18:30:00.000Z,41+,72.84924047,Groceries,39,9,Q1
2023-07-25T18:30:00.000Z,41+,489.0746631,Travel,72,5,Q3
2024-09-09T18:30:00.000Z,26-40,1492.510134,Entertainment,18,8,Q3
2023-05-25T18:30:00.000Z,18-25,280.8132151,Groceries,41,2,Q2
2025-05-27T18:30:00.000Z,18-25,2987.186356,Groceries,70,3,Q2
2023-04-10T18:30:00.000Z,26-40,443.4459109,Travel,27,7,Q2
2025-05-28T18:30:00.000Z,18-25,3511.551034,Entertainment,15,4,Q2
2025-04-08T18:30:00.000Z,41+,272.684142,Utilities,37,2,Q2
2025-05-28T18:30:00.000Z,26-40,305.9513851,Groceries,58,7,Q2
2023-08-28T18:30:00.000Z,26-40,1533.576236,Groceries,5,1,Q3
2025-07-10T18:30:00.000Z,41+,4483.89191,Groceries,73,4,Q3
2025-01-27T18:30:00.000Z,41+,3210.552311,Entertainment,7,6,Q1
2023-06-11T18:30:00.000Z,18-25,3852.955147,Groceries,41,5,Q2
2025-06-01T18:30:00.000Z,18-25,716.3450263,Groceries,84,6,Q2
2023-06-21T18:30:00.000Z,26-40,4172.285912,Entertainment,10,5,Q2
2024-05-15T18:30:00.000Z,18-25,50.64977849,Entertainment,62,3,Q2
2024-06-29T18:30:00.000Z,26-40,1073.15618,Groceries,26,5,Q2
2023-10-10T18:30:00.000Z,26-40,3084.300683,Entertainment,68,3,Q4
2023-12-24T18:30:00.000Z,41+,1882.479579,Travel,24,9,Q4
2024-01-15T18:30:00.000Z,26-40,4921.125025,Groceries,78,3,Q1
2025-05-18T18:30:00.000Z,26-40,161.3928416,Groceries,41,3,Q2
2025-06-22T18:30:00.000Z,18-25,4993.004858,Groceries,65,1,Q2
2025-08-28T18:30:00.000Z,26-40,3121.902886,Travel,17,5,Q3
2025-06-28T18:30:00.000Z,18-25,2797.947903,Travel,24,3,Q2
2024-06-15T18:30:00.000Z,41+,306.9670884,Groceries,27,5,Q2
2025-03-29T18:30:00.000Z,18-25,1373.911095,Groceries,7,8,Q1
2023-06-11T18:30:00.000Z,26-40,4624.066815,Travel,73,6,Q2
2024-08-30T18:30:00.000Z,18-25,1777.687556,Utilities,99,7,Q3
2023-11-02T18:30:00.000Z,18-25,3311.64947,Entertainment,12,1,Q4
2023-12-04T18:30:00.000Z,26-40,4997.486789,Utilities,85,6,Q4
2023-02-23T18:30:00.000Z,26-40,1322.717872,Entertainment,3,5,Q1
2025-09-08T18:30:00.000Z,18-25,2884.643586,Travel,79,6,Q3
2023-11-28T18:30:00.000Z,18-25,3485.224586,Groceries,85,3,Q4
2023-05-06T18:30:00.000Z,26-40,831.4899604,Entertainment,10,7,Q2
2025-07-27T18:30:00.000Z,26-40,751.8760928,Groceries,33,3,Q3
2024-12-04T18:30:00.000Z,18-25,2286.976479,Travel,46,9,Q4
2023-08-30T18:30:00.000Z,26-40,1935.204484,Utilities,59,3,Q3
2025-05-09T18:30:00.000Z,18-25,3573.93503,Entertainment,52,7,Q2
2024-08-21T18:30:00.000Z,26-40,356.8487695,Groceries,6,4,Q3
2025-04-26T18:30:00.000Z,18-25,4861.111452,Groceries,2,8,Q2
2024-02-12T18:30:00.000Z,26-40,81.24213861,Groceries,29,5,Q1
2024-05-16T18:30:00.000Z,18-25,3010.570953,Groceries,40,8,Q2
2024-12-26T18:30:00.000Z,41+,2817.536653,Entertainment,97,9,Q4
2024-08-25T18:30:00.000Z,18-25,682.231497,Utilities,61,8,Q3
2023-10-29T18:30:00.000Z,18-25,763.0707537,Groceries,68,6,Q4
2024-04-07T18:30:00.000Z,18-25,3965.460664,Groceries,68,1,Q2
2023-08-22T18:30:00.000Z,41+,4438.936667,Entertainment,29,7,Q3
2024-11-25T18:30:00.000Z,26-40,1422.25466,Groceries,62,1,Q4
2023-02-06T18:30:00.000Z,26-40,2195.44018,Travel,60,7,Q1
2023-05-18T18:30:00.000Z,41+,1781.425255,Groceries,84,5,Q2
2023-07-13T18:30:00.000Z,41+,1906.569179,Groceries,41,8,Q3
2024-06-09T18:30:00.000Z,26-40,3369.289188,Groceries,87,5,Q2
2025-02-06T18:30:00.000Z,18-25,4127.712745,Groceries,82,3,Q1
2024-10-07T18:30:00.000Z,41+,1531.347993,Entertainment,89,3,Q4
2022-12-31T18:30:00.000Z,18-25,4950.97721,Groceries,65,1,Q1
2024-07-13T18:30:00.000Z,26-40,388.4992708,Entertainment,64,5,Q3
2023-04-05T18:30:00.000Z,26-40,3312.335662,Entertainment,79,5,Q2
2024-12-12T18:30:00.000Z,26-40,2246.657792,Groceries,63,5,Q4
2024-02-16T18:30:00.000Z,26-40,2238.543487,Groceries,98,9,Q1
2024-06-20T18:30:00.000Z,26-40,2293.651624,Entertainment,48,6,Q2
2025-05-03T18:30:00.000Z,41+,1300.822051,Entertainment,20,6,Q2
2024-03-03T18:30:00.000Z,18-25,3580.658508,Utilities,37,3,Q1
2023-08-22T18:30:00.000Z,18-25,3610.666865,Groceries,64,5,Q3
2023-12-14T18:30:00.000Z,26-40,1419.161579,Groceries,91,7,Q4
2025-01-24T18:30:00.000Z,41+,4178.17924,Groceries,86,3,Q1
2025-05-18T18:30:00.000Z,18-25,1591.056269,Entertainment,5,6,Q2
2024-04-24T18:30:00.000Z,18-25,3628.214689,Entertainment,34,5,Q2
2025-04-17T18:30:00.000Z,18-25,613.7888399,Travel,39,3,Q2
2024-01-30T18:30:00.000Z,18-25,851.8211976,Entertainment,67,5,Q1
2023-12-16T18:30:00.000Z,41+,1585.820266,Groceries,81,9,Q4
2024-02-19T18:30:00.000Z,26-40,2973.430101,Entertainment,62,1,Q1
2025-06-03T18:30:00.000Z,26-40,3231.102313,Utilities,88,4,Q2
2025-07-03T18:30:00.000Z,26-40,1987.817298,Groceries,24,5,Q3
2025-06-04T18:30:00.000Z,26-40,398.417374,Entertainment,3,5,Q2
2023-02-19T18:30:00.000Z,18-25,1874.436914,Utilities,71,2,Q1
2023-03-21T18:30:00.000Z,18-25,3446.949905,Travel,89,1,Q1
2023-02-04T18:30:00.000Z,26-40,3358.267351,Travel,67,8,Q1
2023-03-07T18:30:00.000Z,18-25,809.3801019,Groceries,79,2,Q1
2024-10-01T18:30:00.000Z,26-40,48.84201164,Entertainment,93,3,Q4
2025-05-30T18:30:00.000Z,18-25,3767.37827,Groceries,50,2,Q2
2024-10-27T18:30:00.000Z,18-25,540.7771503,Entertainment,29,4,Q4
2025-01-25T18:30:00.000Z,18-25,420.9222284,Groceries,74,1,Q1
2024-09-13T18:30:00.000Z,26-40,23.479072,Travel,32,3,Q3
2024-11-09T18:30:00.000Z,18-25,2168.680617,Travel,87,5,Q4
2024-04-24T18:30:00.000Z,41+,2521.286865,Entertainment,39,1,Q2
2024-04-11T18:30:00.000Z,18-25,3191.94359,Groceries,9,4,Q2
2023-05-21T18:30:00.000Z,26-40,1487.358565,Groceries,14,6,Q2
2023-12-21T18:30:00.000Z,41+,3555.019335,Travel,68,4,Q4
2024-12-08T18:30:00.000Z,41+,854.9659685,Entertainment,64,7,Q4
2024-04-14T18:30:00.000Z,41+,4161.630365,Travel,20,7,Q2
2024-09-11T18:30:00.000Z,18-25,2863.523161,Groceries,28,6,Q3
2025-06-05T18:30:00.000Z,18-25,2923.610219,Entertainment,14,9,Q2
2024-08-12T18:30:00.000Z,26-40,1056.779315,Travel,44,2,Q3
2025-06-19T18:30:00.000Z,18-25,379.802659,Entertainment,98,8,Q2
2024-11-02T18:30:00.000Z,18-25,2328.976767,Entertainment,77,8,Q4
2024-03-13T18:30:00.000Z,41+,3081.90364,Travel,95,4,Q1
2024-06-13T18:30:00.000Z,26-40,484.2818287,Groceries,97,6,Q2
2023-05-06T18:30:00.000Z,26-40,4753.167028,Groceries,39,6,Q2
2023-07-23T18:30:00.000Z,41+,4902.267658,Entertainment,28,5,Q3
2023-01-28T18:30:00.000Z,26-40,2731.82891,Groceries,64,2,Q1
2024-03-19T18:30:00.000Z,26-40,4750.845085,Travel,89,3,Q1
2025-08-22T18:30:00.000Z,26-40,905.4317355,Travel,32,7,Q3
2024-12-18T18:30:00.000Z,18-25,136.849219,Travel,9,8,Q4
2024-04-07T18:30:00.000Z,18-25,206.6535811,Entertainment,28,2,Q2
2023-10-06T18:30:00.000Z,41+,2941.687272,Groceries,95,3,Q4
2023-05-30T18:30:00.000Z,41+,317.5929983,Groceries,17,4,Q2
2023-08-27T18:30:00.000Z,41+,4793.142578,Travel,87,5,Q3
2023-09-22T18:30:00.000Z,26-40,718.2467217,Groceries,77,3,Q3
2024-11-23T18:30:00.000Z,41+,1530.566802,Entertainment,55,5,Q4
2023-04-14T18:30:00.000Z,18-25,21086.33589,Travel,10,8,Q2
2025-07-24T18:30:00.000Z,18-25,1101.514212,Groceries,80,8,Q3
2024-03-07T18:30:00.000Z,26-40,1222.412608,Groceries,6,2,Q1
2025-06-30T18:30:00.000Z,26-40,3215.121689,Entertainment,48,6,Q3
2024-05-10T18:30:00.000Z,18-25,1387.669582,Travel,75,4,Q2
2024-03-14T18:30:00.000Z,18-25,1095.063694,Groceries,67,9,Q1
2025-01-16T18:30:00.000Z,18-25,1278.346794,Utilities,92,5,Q1
2024-11-14T18:30:00.000Z,26-40,2458.331022,Entertainment,41,8,Q4
2023-06-06T18:30:00.000Z,26-40,4830.838365,Utilities,79,1,Q2
2023-06-20T18:30:00.000Z,26-40,4162.867328,Groceries,60,6,Q2
2024-05-07T18:30:00.000Z,18-25,1430.20522,Groceries,77,1,Q2
2025-08-26T18:30:00.000Z,26-40,1823.23231,Travel,42,2,Q3
2023-11-06T18:30:00.000Z,26-40,2327.91613,Travel,81,3,Q4
2024-02-06T18:30:00.000Z,26-40,4894.858939,Entertainment,71,9,Q1
2024-10-29T18:30:00.000Z,41+,870.228437,Travel,28,5,Q4
2025-02-07T18:30:00.000Z,26-40,9193.529984,Travel,13,2,Q1
2024-11-05T18:30:00.000Z,41+,3649.836209,Groceries,81,5,Q4
2024-10-19T18:30:00.000Z,41+,4820.079234,Entertainment,15,5,Q4
2025-06-20T18:30:00.000Z,18-25,786.8193117,Travel,36,1,Q2
2024-10-26T18:30:00.000Z,26-40,1144.625971,Groceries,92,3,Q4
2024-04-06T18:30:00.000Z,26-40,1136.216425,Groceries,15,5,Q2
2024-01-01T18:30:00.000Z,18-25,114.4508272,Travel,75,9,Q1
2024-07-02T18:30:00.000Z,18-25,3024.536969,Groceries,56,1,Q3
2024-10-03T18:30:00.000Z,41+,3356.80834,Groceries,95,8,Q4
2025-05-18T18:30:00.000Z,41+,3016.604192,Utilities,4,1,Q2
2023-09-11T18:30:00.000Z,26-40,365.9017172,Entertainment,99,9,Q3
2023-07-26T18:30:00.000Z,26-40,355.4583275,Travel,98,6,Q3
2024-03-24T18:30:00.000Z,41+,1059.828907,Travel,52,1,Q1
2023-04-04T18:30:00.000Z,18-25,1458.569633,Groceries,91,8,Q2
2025-05-08T18:30:00.000Z,41+,3934.852843,Groceries,10,5,Q2
2025-04-17T18:30:00.000Z,26-40,805.3574261,Groceries,94,7,Q2
2024-04-21T18:30:00.000Z,18-25,230.0201598,Groceries,45,7,Q2
2024-11-12T18:30:00.000Z,41+,1975.997663,Entertainment,84,7,Q4
2025-01-30T18:30:00.000Z,41+,2087.796929,Entertainment,29,6,Q1
2023-07-08T18:30:00.000Z,41+,2260.027618,Entertainment,53,8,Q3
2024-12-10T18:30:00.000Z,18-25,4136.248685,Groceries,29,9,Q4
2024-04-27T18:30:00.000Z,41+,499.0470202,Groceries,23,2,Q2
2025-01-01T18:30:00.000Z,41+,3522.670991,Entertainment,57,7,Q1
2024-06-18T18:30:00.000Z,18-25,4236.248685,Entertainment,50,6,Q2
2025-01-24T18:30:00.000Z,18-25,1556.800881,Groceries,21,6,Q1
2024-02-26T18:30:00.000Z,18-25,23900.12555,Entertainment,43,2,Q1
2025-04-14T18:30:00.000Z,41+,1249.857937,Groceries,10,6,Q2
2024-09-30T18:30:00.000Z,26-40,3216.233858,Groceries,76,2,Q4
2024-08-26T18:30:00.000Z,18-25,1382.887509,Travel,30,1,Q3
2025-03-21T18:30:00.000Z,18-25,2540.647974,Groceries,51,7,Q1
2023-05-12T18:30:00.000Z,18-25,3933.601534,Entertainment,33,3,Q2
2023-02-23T18:30:00.000Z,26-40,4409.795392,Groceries,18,4,Q1
2025-09-14T18:30:00.000Z,26-40,4195.099229,Groceries,78,6,Q3
2024-05-23T18:30:00.000Z,41+,2915.081873,Groceries,22,5,Q2
2024-10-30T18:30:00.000Z,26-40,1251.593414,Utilities,64,4,Q4
2024-06-23T18:30:00.000Z,26-40,3309.554582,Entertainment,21,9,Q2
2024-02-13T18:30:00.000Z,18-25,3552.426178,Utilities,1,6,Q1
2023-07-29T18:30:00.000Z,18-25,63.35303067,Entertainment,15,6,Q3
2024-10-26T18:30:00.000Z,26-40,2201.66045,Entertainment,36,2,Q4
2023-10-19T18:30:00.000Z,18-25,4217.877594,Groceries,47,6,Q4
2025-09-12T18:30:00.000Z,18-25,2453.042105,Groceries,54,7,Q3
2025-01-02T18:30:00.000Z,41+,1563.763456,Groceries,86,8,Q1
2023-04-24T18:30:00.000Z,26-40,4360.270877,Groceries,32,8,Q2
2025-08-05T18:30:00.000Z,18-25,787.8446807,Entertainment,58,9,Q3
2024-10-30T18:30:00.000Z,18-25,1040.16171,Groceries,46,3,Q4
2023-09-15T18:30:00.000Z,18-25,3439.988111,Groceries,54,7,Q3
2025-01-31T18:30:00.000Z,41+,1768.655348,Groceries,33,7,Q1
2023-05-01T18:30:00.000Z,18-25,3567.95401,Entertainment,39,1,Q2
2023-10-25T18:30:00.000Z,18-25,796.9410701,Entertainment,23,8,Q4
2025-02-12T18:30:00.000Z,26-40,1268.822757,Travel,43,4,Q1
2024-01-15T18:30:00.000Z,18-25,791.670418,Groceries,55,5,Q1
2024-07-13T18:30:00.000Z,18-25,4765.022465,Groceries,2,6,Q3
2025-06-06T18:30:00.000Z,18-25,2032.965765,Groceries,66,3,Q2
2025-04-19T18:30:00.000Z,18-25,1692.72735,Travel,38,5,Q2
2024-05-14T18:30:00.000Z,18-25,80.86875929,Groceries,29,5,Q2
2023-10-23T18:30:00.000Z,18-25,775.5537213,Entertainment,67,1,Q4
2023-12-27T18:30:00.000Z,41+,2111.467923,Entertainment,71,3,Q4
2024-08-10T18:30:00.000Z,18-25,351.8289349,Groceries,36,3,Q3
2024-04-06T18:30:00.000Z,26-40,2558.589254,Groceries,29,1,Q2
2024-03-12T18:30:00.000Z,26-40,2280.527038,Groceries,37,7,Q1
2023-05-06T18:30:00.000Z,26-40,3838.16902,Travel,87,1,Q2
2023-07-15T18:30:00.000Z,18-25,3302.41548,Entertainment,45,7,Q3
2023-08-08T18:30:00.000Z,18-25,2235.277054,Entertainment,16,4,Q3
2025-09-20T18:30:00.000Z,26-40,1131.056894,Entertainment,31,9,Q3
2023-03-31T18:30:00.000Z,26-40,3637.049194,Entertainment,34,7,Q2
2024-02-14T18:30:00.000Z,26-40,3542.231896,Entertainment,50,5,Q1
2023-01-07T18:30:00.000Z,18-25,774.947841,Groceries,65,7,Q1
2024-06-26T18:30:00.000Z,41+,4574.611639,Groceries,82,9,Q2
2024-04-11T18:30:00.000Z,18-25,331.3815289,Groceries,62,6,Q2
2023-11-15T18:30:00.000Z,18-25,284.6381674,Entertainment,43,1,Q4
2024-01-28T18:30:00.000Z,26-40,944.8785841,Groceries,56,6,Q1
2023-09-25T18:30:00.000Z,18-25,4548.209382,Entertainment,15,1,Q3
2023-07-09T18:30:00.000Z,26-40,2604.790639,Groceries,48,4,Q3
2025-05-09T18:30:00.000Z,26-40,3941.825194,Utilities,49,8,Q2
2024-11-04T18:30:00.000Z,41+,1146.937509,Groceries,81,5,Q4
2023-03-01T18:30:00.000Z,41+,2456.207654,Groceries,44,5,Q1
2024-03-12T18:30:00.000Z,26-40,1797.864423,Utilities,10,8,Q1
2023-09-20T18:30:00.000Z,26-40,4140.864749,Entertainment,20,8,Q3
2025-03-06T18:30:00.000Z,18-25,122.7961524,Utilities,70,1,Q1
2023-04-04T18:30:00.000Z,26-40,1226.775223,Groceries,8,5,Q2
2024-07-05T18:30:00.000Z,18-25,771.3453793,Groceries,45,5,Q3
2025-07-13T18:30:00.000Z,18-25,4297.353303,Entertainment,34,8,Q3
2024-04-13T18:30:00.000Z,18-25,2343.04381,Travel,96,1,Q2
2024-10-21T18:30:00.000Z,26-40,2027.058019,Groceries,51,7,Q4
2024-12-15T18:30:00.000Z,26-40,2252.918983,Utilities,4,7,Q4
2025-02-16T18:30:00.000Z,41+,2443.04381,Entertainment,39,9,Q1
2024-05-27T18:30:00.000Z,18-25,4252.834298,Travel,84,2,Q2
2024-11-19T18:30:00.000Z,41+,18115.93847,Groceries,24,3,Q4
2025-07-24T18:30:00.000Z,26-40,1459.490007,Groceries,88,4,Q3
2023-07-12T18:30:00.000Z,26-40,834.2132676,Utilities,55,1,Q3
2024-04-25T18:30:00.000Z,26-40,4607.953809,Utilities,26,7,Q2
2025-06-16T18:30:00.000Z,18-25,2121.146859,Entertainment,25,3,Q2
2023-12-01T18:30:00.000Z,41+,1400.991439,Groceries,36,3,Q4
2024-03-09T18:30:00.000Z,26-40,2359.894924,Groceries,71,3,Q1
2023-07-14T18:30:00.000Z,41+,4590.05864,Entertainment,74,8,Q3
2025-05-03T18:30:00.000Z,26-40,1941.465894,Groceries,58,2,Q2
2023-09-05T18:30:00.000Z,41+,2817.578576,Groceries,12,2,Q3
2024-05-11T18:30:00.000Z,26-40,4016.801843,Groceries,1,1,Q2
2023-07-30T18:30:00.000Z,18-25,2141.39133,Travel,50,9,Q3
2024-10-25T18:30:00.000Z,18-25,1175.373592,Groceries,25,6,Q4
2024-10-30T18:30:00.000Z,26-40,4972.683484,Entertainment,80,9,Q4
2024-04-09T18:30:00.000Z,26-40,4783.288579,Entertainment,5,6,Q2
2025-05-22T18:30:00.000Z,18-25,4218.961054,Entertainment,83,2,Q2
2024-10-11T18:30:00.000Z,41+,3444.985658,Entertainment,68,1,Q4
2023-08-08T18:30:00.000Z,26-40,1481.379484,Groceries,6,8,Q3
2023-09-29T18:30:00.000Z,41+,4567.930561,Entertainment,26,3,Q3
2023-06-02T18:30:00.000Z,41+,1385.027784,Travel,55,1,Q2
2023-09-05T18:30:00.000Z,26-40,4006.039378,Entertainment,39,8,Q3
2023-10-05T18:30:00.000Z,41+,4592.108258,Utilities,9,1,Q4
2024-03-14T18:30:00.000Z,26-40,3018.989164,Travel,45,8,Q1
2025-08-04T18:30:00.000Z,41+,4017.250527,Travel,14,1,Q3
2025-03-25T18:30:00.000Z,18-25,3960.558545,Groceries,55,9,Q1
2023-10-02T18:30:00.000Z,18-25,973.8571781,Entertainment,9,9,Q4
2024-05-27T18:30:00.000Z,26-40,3342.943123,Entertainment,15,9,Q2
2023-03-28T18:30:00.000Z,26-40,476.4050052,Groceries,37,3,Q1
2025-03-08T18:30:00.000Z,26-40,2544.172214,Entertainment,50,4,Q1
2025-07-10T18:30:00.000Z,26-40,819.5553852,Groceries,84,5,Q3
2024-10-02T18:30:00.000Z,41+,2087.583999,Entertainment,72,6,Q4
2024-05-18T18:30:00.000Z,41+,4166.580553,Entertainment,96,9,Q2
2024-08-11T18:30:00.000Z,26-40,4935.96752,Entertainment,21,4,Q3
2025-02-09T18:30:00.000Z,26-40,1596.61956,Utilities,57,6,Q1
2023-08-28T18:30:00.000Z,26-40,2664.458937,Groceries,19,1,Q3
2024-10-13T18:30:00.000Z,26-40,2561.377142,Groceries,93,2,Q4
2025-01-08T18:30:00.000Z,41+,4772.463534,Groceries,58,8,Q1
2024-11-04T18:30:00.000Z,26-40,2398.132825,Travel,95,4,Q4
2023-08-23T18:30:00.000Z,18-25,3498.539965,Entertainment,6,7,Q3
2023-05-07T18:30:00.000Z,26-40,4609.728273,Entertainment,4,4,Q2
2024-05-16T18:30:00.000Z,26-40,1873.159012,Groceries,43,9,Q2
2023-07-18T18:30:00.000Z,41+,4511.589969,Entertainment,93,9,Q3
2025-08-18T18:30:00.000Z,18-25,4588.106547,Groceries,42,4,Q3
2025-06-19T18:30:00.000Z,41+,4654.005895,Travel,3,8,Q2
2024-06-25T18:30:00.000Z,26-40,1359.526466,Travel,1,6,Q2
2024-05-15T18:30:00.000Z,41+,2007.774415,Travel,55,1,Q2
2024-10-10T18:30:00.000Z,18-25,4353.275582,Travel,15,7,Q4
2024-05-05T18:30:00.000Z,41+,1802.217503,Entertainment,47,1,Q2
2023-01-20T18:30:00.000Z,41+,3005.262634,Travel,85,3,Q1
2023-08-21T18:30:00.000Z,41+,599.0919912,Entertainment,46,8,Q3
2024-12-13T18:30:00.000Z,18-25,290.8121907,Entertainment,58,9,Q4
2025-02-28T18:30:00.000Z,18-25,2065.850008,Groceries,95,3,Q1
2024-10-03T18:30:00.000Z,26-40,2898.793498,Groceries,71,1,Q4
2024-02-19T18:30:00.000Z,18-25,1969.568576,Entertainment,81,1,Q1
2023-05-27T18:30:00.000Z,18-25,2892.901493,Entertainment,83,7,Q2
2025-08-26T18:30:00.000Z,18-25,2580.271037,Groceries,39,5,Q3
2023-01-28T18:30:00.000Z,26-40,3431.679074,Travel,3,1,Q1
2023-12-26T18:30:00.000Z,26-40,3251.166831,Groceries,30,6,Q4
2023-11-03T18:30:00.000Z,18-25,2126.986059,Groceries,35,6,Q4
2025-05-31T18:30:00.000Z,18-25,2130.72625,Travel,57,4,Q2
2025-07-29T18:30:00.000Z,26-40,712.4839167,Entertainment,29,7,Q3
2023-06-10T18:30:00.000Z,26-40,2571.060475,Travel,50,7,Q2
2025-05-17T18:30:00.000Z,18-25,2940.023849,Entertainment,62,9,Q2
2025-04-30T18:30:00.000Z,18-25,2387.682093,Utilities,52,1,Q2
2023-03-01T18:30:00.000Z,41+,1635.279602,Entertainment,14,5,Q1
2023-05-04T18:30:00.000Z,41+,3611.026236,Groceries,35,3,Q2
2024-03-30T18:30:00.000Z,41+,382.5616068,Groceries,28,7,Q1
2023-03-11T18:30:00.000Z,41+,4573.057445,Groceries,58,4,Q1
2025-04-16T18:30:00.000Z,18-25,113.0107633,Utilities,30,4,Q2
2025-06-24T18:30:00.000Z,26-40,4812.127166,Groceries,90,1,Q2
2025-05-24T18:30:00.000Z,26-40,2317.154449,Groceries,7,1,Q2
2024-04-09T18:30:00.000Z,26-40,2069.223021,Groceries,39,2,Q2
2023-08-30T18:30:00.000Z,18-25,1289.655647,Travel,95,2,Q3
2024-05-03T18:30:00.000Z,26-40,60.25496281,Groceries,69,1,Q2
2025-01-29T18:30:00.000Z,26-40,1381.203419,Utilities,35,8,Q1
2023-08-08T18:30:00.000Z,18-25,555.905628,Groceries,52,6,Q3
2024-04-16T18:30:00.000Z,26-40,3302.506005,Groceries,14,6,Q2
2025-08-15T18:30:00.000Z,18-25,1602.184112,Groceries,63,9,Q3
2024-06-15T18:30:00.000Z,18-25,3838.224849,Travel,36,5,Q2
2024-05-07T18:30:00.000Z,18-25,1042.511775,Travel,91,4,Q2
2025-06-16T18:30:00.000Z,18-25,4502.171939,Groceries,24,6,Q2
2023-03-22T18:30:00.000Z,18-25,2619.67776,Groceries,40,8,Q1
2025-05-04T18:30:00.000Z,41+,581.3859204,Travel,29,1,Q2
2025-05-27T18:30:00.000Z,26-40,2010.217726,Groceries,53,7,Q2
2025-09-23T18:30:00.000Z,26-40,1041.735015,Groceries,22,8,Q3
2024-06-04T18:30:00.000Z,18-25,1006.430277,Groceries,72,9,Q2
2025-07-10T18:30:00.000Z,26-40,2536.784991,Groceries,15,8,Q3
2023-01-11T18:30:00.000Z,26-40,3362.741158,Groceries,69,7,Q1
2023-09-19T18:30:00.000Z,26-40,4558.974845,Groceries,64,3,Q3
2024-10-17T18:30:00.000Z,26-40,2515.788434,Groceries,4,2,Q4
2024-03-23T18:30:00.000Z,41+,4829.535488,Travel,75,3,Q1
2023-07-10T18:30:00.000Z,41+,4708.757912,Groceries,18,4,Q3
2025-01-30T18:30:00.000Z,26-40,4326.662025,Travel,42,4,Q1
2023-04-23T18:30:00.000Z,18-25,2504.886552,Groceries,30,6,Q2
2023-01-25T18:30:00.000Z,26-40,713.110679,Entertainment,15,7,Q1
2025-02-20T18:30:00.000Z,26-40,1097.343304,Groceries,70,4,Q1
2024-05-12T18:30:00.000Z,26-40,3241.873314,Travel,55,6,Q2
2024-05-21T18:30:00.000Z,41+,2114.557352,Groceries,53,9,Q2
2024-06-27T18:30:00.000Z,26-40,742.5401425,Travel,16,6,Q2
2023-03-02T18:30:00.000Z,41+,2400.179729,Groceries,73,3,Q1
2023-08-16T18:30:00.000Z,18-25,96.97842206,Groceries,34,1,Q3
2025-03-24T18:30:00.000Z,18-25,3672.137901,Utilities,27,5,Q1
2024-08-28T18:30:00.000Z,18-25,377.1706595,Entertainment,13,3,Q3
2023-02-03T18:30:00.000Z,41+,3149.276963,Groceries,27,8,Q1
2024-12-04T18:30:00.000Z,41+,3967.121435,Utilities,73,1,Q4
2024-03-30T18:30:00.000Z,26-40,671.8929335,Groceries,69,2,Q1
2024-08-09T18:30:00.000Z,26-40,2598.007066,Groceries,86,3,Q3
2025-06-08T18:30:00.000Z,26-40,3897.546897,Utilities,31,3,Q2
2024-05-15T18:30:00.000Z,41+,1310.560939,Groceries,3,2,Q2
2025-01-29T18:30:00.000Z,41+,822.9537991,Travel,30,5,Q1
2024-08-16T18:30:00.000Z,26-40,1690.727364,Groceries,21,8,Q3
2023-01-24T18:30:00.000Z,26-40,2777.948891,Travel,99,6,Q1
2024-07-21T18:30:00.000Z,18-25,2880.645178,Entertainment,6,5,Q3
2023-01-31T18:30:00.000Z,26-40,663.072904,Utilities,92,4,Q1
2025-04-09T18:30:00.000Z,26-40,2293.26855,Entertainment,32,9,Q2
2023-01-11T18:30:00.000Z,18-25,1348.728156,Groceries,42,4,Q1
2023-11-14T18:30:00.000Z,41+,4211.700848,Entertainment,62,5,Q4
2025-04-23T18:30:00.000Z,26-40,1574.739909,Groceries,89,5,Q2
2024-08-25T18:30:00.000Z,41+,4195.135577,Travel,32,8,Q3
2022-12-31T18:30:00.000Z,18-25,2148.537417,Travel,99,6,Q1
2024-03-09T18:30:00.000Z,26-40,3635.662971,Entertainment,86,7,Q1
2025-04-16T18:30:00.000Z,26-40,2555.20054,Travel,88,6,Q2
2023-05-15T18:30:00.000Z,18-25,3113.593494,Groceries,39,5,Q2
2023-07-14T18:30:00.000Z,26-40,1982.828989,Entertainment,64,5,Q3
2023-05-12T18:30:00.000Z,18-25,3843.351771,Groceries,30,3,Q2
2025-09-10T18:30:00.000Z,18-25,2131.695024,Entertainment,63,7,Q3
2023-03-26T18:30:00.000Z,18-25,2292.733616,Groceries,96,5,Q1
2024-04-19T18:30:00.000Z,18-25,2593.216554,Travel,31,7,Q2
2025-03-16T18:30:00.000Z,26-40,4160.802351,Groceries,87,2,Q1
2025-02-28T18:30:00.000Z,18-25,3300.300854,Entertainment,40,9,Q1
2023-11-19T18:30:00.000Z,26-40,1752.310329,Groceries,33,8,Q4
2023-06-28T18:30:00.000Z,26-40,3354.894974,Travel,63,5,Q2
2024-05-29T18:30:00.000Z,26-40,3215.708599,Groceries,25,2,Q2
2024-09-28T18:30:00.000Z,41+,4655.786187,Entertainment,36,6,Q3
2023-06-23T18:30:00.000Z,26-40,4208.668016,Groceries,24,8,Q2
2025-01-31T18:30:00.000Z,26-40,3240.76015,Travel,95,7,Q1
2023-01-20T18:30:00.000Z,18-25,1714.120482,Groceries,58,8,Q1
2025-09-22T18:30:00.000Z,26-40,3900.08648,Travel,39,4,Q3
2025-08-08T18:30:00.000Z,41+,2880.289382,Groceries,46,3,Q3
2023-04-14T18:30:00.000Z,18-25,4926.497241,Travel,77,7,Q2
2024-07-30T18:30:00.000Z,18-25,1245.055582,Groceries,10,2,Q3
2024-03-17T18:30:00.000Z,18-25,407.4826462,Groceries,87,5,Q1
2025-02-12T18:30:00.000Z,26-40,358.7601413,Entertainment,82,7,Q1
2023-02-17T18:30:00.000Z,26-40,3203.751638,Groceries,32,1,Q1
2024-06-10T18:30:00.000Z,26-40,4696.908542,Groceries,97,4,Q2
2023-05-24T18:30:00.000Z,18-25,19.64025231,Utilities,,2,Q2
2023-12-05T18:30:00.000Z,41+,3631.597524,Utilities,28,6,Q4
2025-01-30T18:30:00.000Z,18-25,3288.755261,Travel,16,1,Q1
2025-05-03T18:30:00.000Z,18-25,3664.197919,Groceries,16,7,Q2
2023-12-19T18:30:00.000Z,26-40,1783.47298,Groceries,18,3,Q4
2023-03-15T18:30:00.000Z,18-25,4104.277259,Entertainment,8,1,Q1
2025-03-11T18:30:00.000Z,18-25,233.0875878,,80,8,Q1
2025-07-16T18:30:00.000Z,18-25,3779.601192,Utilities,75,7,Q3
2025-03-03T18:30:00.000Z,26-40,1342.688987,Groceries,70,2,Q1
2024-07-30T18:30:00.000Z,41+,2389.420497,Utilities,1,7,Q3
2024-09-27T18:30:00.000Z,41+,4114.954995,Entertainment,62,3,Q3
2023-11-14T18:30:00.000Z,26-40,1364.081586,Travel,76,9,Q4
2023-03-27T18:30:00.000Z,18-25,934.1854831,Groceries,38,8,Q1
2024-07-05T18:30:00.000Z,26-40,3409.752795,Travel,92,5,Q3
2025-09-07T18:30:00.000Z,26-40,2671.640509,Groceries,45,7,Q3
2024-11-27T18:30:00.000Z,18-25,2576.875305,Entertainment,58,3,Q4
2025-05-14T18:30:00.000Z,18-25,1291.279883,Travel,81,1,Q2
2025-06-09T18:30:00.000Z,18-25,184.052726,Groceries,1,1,Q2
2025-04-25T18:30:00.000Z,26-40,2057.243,Entertainment,32,2,Q2
2025-02-15T18:30:00.000Z,18-25,541.7318075,Entertainment,8,8,Q1
2025-02-20T18:30:00.000Z,41+,4530.885862,Groceries,40,1,Q1
2023-02-10T18:30:00.000Z,18-25,215.8391141,Entertainment,56,5,Q1
2023-04-02T18:30:00.000Z,18-25,2163.937762,Groceries,63,9,Q2
2024-11-26T18:30:00.000Z,26-40,270.7054627,Groceries,88,9,Q4
2024-12-26T18:30:00.000Z,26-40,486.7639341,Entertainment,74,2,Q4
2024-05-20T18:30:00.000Z,18-25,3297.744668,Entertainment,74,7,Q2
2024-06-11T18:30:00.000Z,18-25,3239.085192,Groceries,36,1,Q2
2025-08-12T18:30:00.000Z,18-25,174.9304524,Travel,89,3,Q3
2023-09-21T18:30:00.000Z,18-25,15.64606085,Travel,57,6,Q3
2024-09-16T18:30:00.000Z,18-25,403.3022054,Entertainment,74,9,Q3
2023-10-18T18:30:00.000Z,41+,3817.3645,Entertainment,83,2,Q4
2025-08-25T18:30:00.000Z,26-40,2927.036599,Groceries,45,7,Q3
2024-04-07T18:30:00.000Z,26-40,200.2100435,Travel,79,4,Q2
2025-03-13T18:30:00.000Z,18-25,2445.604109,Entertainment,80,2,Q1
2024-07-12T18:30:00.000Z,18-25,3027.036599,Groceries,2,3,Q3
2025-03-28T18:30:00.000Z,18-25,4346.067459,Entertainment,93,6,Q1
2023-04-06T18:30:00.000Z,26-40,4670.842088,Groceries,68,9,Q2
2025-06-04T18:30:00.000Z,26-40,1643.928409,,50,8,Q2
2023-04-04T18:30:00.000Z,18-25,687.8038178,Entertainment,29,9,Q2
2023-11-21T18:30:00.000Z,26-40,1192.260344,Entertainment,95,4,Q4
2023-03-14T18:30:00.000Z,26-40,3883.095745,Entertainment,81,4,Q1
2023-12-01T18:30:00.000Z,41+,4857.706233,Entertainment,10,9,Q4
2023-03-08T18:30:00.000Z,18-25,2337.304151,Utilities,27,8,Q1
2025-01-26T18:30:00.000Z,26-40,1533.712536,Entertainment,15,2,Q1
2025-07-05T18:30:00.000Z,26-40,2151.661004,Entertainment,60,8,Q3
2023-03-17T18:30:00.000Z,18-25,1531.017592,Groceries,31,1,Q1
2023-07-26T18:30:00.000Z,18-25,1289.872741,Groceries,21,9,Q3
2025-06-01T18:30:00.000Z,26-40,2972.816255,Groceries,60,9,Q2
2025-02-03T18:30:00.000Z,18-25,88.52254206,Entertainment,58,8,Q1
2023-08-08T18:30:00.000Z,26-40,1305.165721,Travel,41,5,Q3
2023-09-18T18:30:00.000Z,26-40,3310.296568,Groceries,46,5,Q3
2024-02-13T18:30:00.000Z,18-25,169.9928546,Groceries,45,3,Q1
2023-11-26T18:30:00.000Z,41+,425.1770644,Groceries,26,5,Q4
2023-12-09T18:30:00.000Z,26-40,1474.046762,Groceries,51,4,Q4
2025-09-14T18:30:00.000Z,18-25,4390.245945,Utilities,36,1,Q3
2025-02-08T18:30:00.000Z,18-25,3826.781939,Entertainment,52,9,Q1
2025-03-29T18:30:00.000Z,26-40,120.5615808,Groceries,81,4,Q1
2023-03-14T18:30:00.000Z,18-25,2513.546955,Travel,51,3,Q1
2024-09-27T18:30:00.000Z,26-40,1380.690595,Travel,3,6,Q3
2024-11-29T18:30:00.000Z,41+,3246.741839,Entertainment,14,1,Q4
2023-09-10T18:30:00.000Z,26-40,,Groceries,49,5,Q3
2025-08-15T18:30:00.000Z,18-25,4315.68426,Entertainment,77,7,Q3
2025-04-11T18:30:00.000Z,41+,2382.327023,Groceries,91,2,Q2
2025-03-29T18:30:00.000Z,26-40,4972.305942,Travel,1,9,Q1
2025-01-15T18:30:00.000Z,18-25,4900.130675,Entertainment,57,6,Q1
2025-09-11T18:30:00.000Z,26-40,4412.011955,Entertainment,17,2,Q3
2025-01-30T18:30:00.000Z,18-25,2878.598781,Groceries,50,8,Q1
2023-11-27T18:30:00.000Z,26-40,1996.052123,Groceries,98,8,Q4
2024-02-01T18:30:00.000Z,41+,1828.287688,Groceries,14,1,Q1
2023-12-10T18:30:00.000Z,26-40,70.50250294,Utilities,59,1,Q4
2024-08-05T18:30:00.000Z,18-25,1253.380741,Groceries,81,1,Q3
2025-01-15T18:30:00.000Z,26-40,3596.853092,Groceries,3,4,Q1
2025-04-14T18:30:00.000Z,18-25,3022.124178,Utilities,98,4,Q2
2024-10-28T18:30:00.000Z,26-40,4582.946724,Entertainment,40,8,Q4
2024-03-29T18:30:00.000Z,26-40,259.6111119,Travel,89,1,Q1
2025-06-23T18:30:00.000Z,18-25,784.8302499,Groceries,66,3,Q2
2023-04-24T18:30:00.000Z,18-25,3948.326509,Entertainment,34,1,Q2
2023-11-08T18:30:00.000Z,26-40,1798.95308,Groceries,90,9,Q4
2023-08-15T18:30:00.000Z,26-40,600.5432153,Travel,95,9,Q3
2025-04-12T18:30:00.000Z,18-25,4982.28802,Groceries,9,7,Q2
2025-05-06T18:30:00.000Z,18-25,3938.37901,Entertainment,94,8,Q2
2023-09-01T18:30:00.000Z,26-40,2049.617773,Travel,84,1,Q3
2025-03-27T18:30:00.000Z,18-25,4118.50391,Entertainment,21,5,Q1
2024-06-08T18:30:00.000Z,18-25,3406.213312,Entertainment,93,2,Q2
2024-06-10T18:30:00.000Z,18-25,3951.97405,Groceries,25,1,Q2
2025-08-06T18:30:00.000Z,18-25,4077.879824,Groceries,44,3,Q3
2024-03-01T18:30:00.000Z,26-40,432.7961296,Entertainment,25,7,Q1
2023-02-10T18:30:00.000Z,41+,3118.63471,Entertainment,,1,Q1
2024-04-08T18:30:00.000Z,26-40,43.85990935,Utilities,62,5,Q2
2024-09-12T18:30:00.000Z,18-25,226.846669,Travel,26,2,Q3
2023-10-04T18:30:00.000Z,26-40,4520.860245,Entertainment,57,4,Q4
2025-04-14T18:30:00.000Z,26-40,2642.54297,Travel,37,3,Q2
2023-01-18T18:30:00.000Z,18-25,3682.150909,Groceries,16,3,Q1
2023-03-06T18:30:00.000Z,41+,4194.119942,Entertainment,37,5,Q1
2023-06-15T18:30:00.000Z,26-40,4748.43797,Groceries,76,3,Q2
2024-08-06T18:30:00.000Z,41+,22284.09622,Groceries,24,7,Q3
2024-02-06T18:30:00.000Z,26-40,2421.724129,Travel,26,5,Q1
2025-06-29T18:30:00.000Z,26-40,1686.491834,Entertainment,20,4,Q2
2025-03-31T18:30:00.000Z,18-25,780.9212487,Entertainment,9,3,Q2
2024-02-12T18:30:00.000Z,26-40,2007.604198,Entertainment,87,4,Q1
2023-04-21T18:30:00.000Z,18-25,1838.80296,Entertainment,29,2,Q2
2023-09-30T18:30:00.000Z,41+,2802.278461,Groceries,31,1,Q4
2024-02-10T18:30:00.000Z,26-40,3330.89195,Entertainment,19,3,Q1
2024-01-07T18:30:00.000Z,41+,4891.844127,Entertainment,20,2,Q1
2024-08-18T18:30:00.000Z,26-40,3644.647069,Travel,87,1,Q3
2024-10-11T18:30:00.000Z,41+,3430.89195,Groceries,27,1,Q4
2023-02-07T18:30:00.000Z,18-25,1682.111247,Groceries,94,2,Q1
2023-04-14T18:30:00.000Z,26-40,182.1743437,Entertainment,85,9,Q2
2023-11-19T18:30:00.000Z,26-40,1447.744393,Travel,44,5,Q4
2025-03-02T18:30:00.000Z,26-40,3844.555023,Entertainment,35,9,Q1
2025-08-15T18:30:00.000Z,26-40,1034.306985,Travel,71,8,Q3
2025-09-17T18:30:00.000Z,18-25,3563.819086,Utilities,22,6,Q3
2024-02-17T18:30:00.000Z,18-25,2903.101414,Utilities,74,1,Q1
2024-03-03T18:30:00.000Z,41+,867.5657801,Travel,87,5,Q1
2024-09-25T18:30:00.000Z,26-40,1315.507783,Travel,15,1,Q3
2024-12-29T18:30:00.000Z,18-25,2486.554981,Groceries,94,7,Q4
2025-06-06T18:30:00.000Z,26-40,2097.689778,Travel,98,8,Q2
2023-03-01T18:30:00.000Z,41+,3895.033599,Entertainment,13,8,Q1
2024-09-02T18:30:00.000Z,18-25,3674.679166,Utilities,4,7,Q3
2023-11-02T18:30:00.000Z,41+,2877.126772,Groceries,82,2,Q4
2023-12-19T18:30:00.000Z,41+,4113.15081,Entertainment,56,5,Q4
2024-01-27T18:30:00.000Z,41+,2817.721008,Entertainment,23,4,Q1
2023-07-22T18:30:00.000Z,41+,4822.302391,Entertainment,97,5,Q3
2023-09-14T18:30:00.000Z,26-40,1093.948255,Groceries,98,9,Q3
2024-04-29T18:30:00.000Z,18-25,3573.518648,Entertainment,34,4,Q2
2024-05-30T18:30:00.000Z,18-25,1856.021219,Travel,99,8,Q2
2024-03-20T18:30:00.000Z,18-25,1402.04131,Entertainment,17,8,Q1
2024-12-08T18:30:00.000Z,26-40,910.1335051,Groceries,28,5,Q4
2023-06-28T18:30:00.000Z,18-25,2766.992347,Travel,14,6,Q2
2023-12-07T18:30:00.000Z,18-25,1085.192469,Groceries,34,5,Q4
2023-05-12T18:30:00.000Z,18-25,1009.750749,Groceries,75,6,Q2
2024-03-17T18:30:00.000Z,18-25,4952.754206,Entertainment,57,4,Q1
2025-04-14T18:30:00.000Z,41+,4010.71961,Travel,77,7,Q2
2023-09-09T18:30:00.000Z,18-25,3743.901333,Entertainment,97,1,Q3
2023-09-21T18:30:00.000Z,26-40,3972.362523,Entertainment,55,9,Q3
2023-04-02T18:30:00.000Z,26-40,4844.92514,Groceries,66,1,Q2
2024-10-22T18:30:00.000Z,18-25,2870.650677,Entertainment,98,5,Q4
2024-02-14T18:30:00.000Z,41+,1109.016948,Groceries,93,5,Q1
2023-05-17T18:30:00.000Z,26-40,4312.426107,Utilities,37,8,Q2
2023-07-26T18:30:00.000Z,18-25,3716.22634,Travel,68,5,Q3
2024-09-27T18:30:00.000Z,18-25,2077.398479,Entertainment,76,4,Q3
2025-01-14T18:30:00.000Z,18-25,2373.111798,Entertainment,26,5,Q1
2024-07-25T18:30:00.000Z,18-25,2062.149468,Travel,61,4,Q3
2023-11-02T18:30:00.000Z,18-25,4650.41138,Entertainment,92,6,Q4
2023-09-22T18:30:00.000Z,26-40,1724.222741,Groceries,67,6,Q3
2024-10-06T18:30:00.000Z,41+,4817.78655,Groceries,84,5,Q4
2023-11-13T18:30:00.000Z,26-40,4552.256139,Entertainment,74,4,Q4
2023-04-22T18:30:00.000Z,18-25,3156.3005,Utilities,52,4,Q2
2025-06-18T18:30:00.000Z,18-25,2903.310648,Groceries,18,1,Q2
2024-01-12T18:30:00.000Z,26-40,1856.745508,Groceries,53,5,Q1
2024-03-28T18:30:00.000Z,18-25,101.5085612,Entertainment,63,3,Q1
2023-07-09T18:30:00.000Z,18-25,646.8396993,Travel,53,5,Q3
2025-06-08T18:30:00.000Z,41+,3773.614304,Groceries,27,8,Q2
2024-03-14T18:30:00.000Z,18-25,2362.985232,Groceries,31,6,Q1
2023-07-05T18:30:00.000Z,41+,757.6922896,,91,3,Q3
2025-04-09T18:30:00.000Z,18-25,1327.164662,Entertainment,1,6,Q2
2024-01-01T18:30:00.000Z,41+,4739.70613,Groceries,6,7,Q1
2023-03-29T18:30:00.000Z,26-40,1841.992848,Groceries,11,6,Q1
2023-07-05T18:30:00.000Z,26-40,4539.332907,Entertainment,34,6,Q3
2025-03-28T18:30:00.000Z,18-25,1530.132803,Entertainment,84,1,Q1
2025-08-02T18:30:00.000Z,41+,2720.668271,Utilities,63,3,Q3
2023-05-11T18:30:00.000Z,41+,112.180646,Entertainment,53,7,Q2
2025-05-20T18:30:00.000Z,26-40,2614.156801,Groceries,85,4,Q2
2024-09-25T18:30:00.000Z,26-40,3188.340633,Entertainment,85,4,Q3
2024-07-12T18:30:00.000Z,26-40,1179.182446,Entertainment,18,7,Q3
2025-03-09T18:30:00.000Z,18-25,2898.896509,Groceries,21,9,Q1
2024-01-10T18:30:00.000Z,26-40,3239.367183,Utilities,19,5,Q1
2024-11-20T18:30:00.000Z,41+,3437.561531,Travel,4,9,Q4
2024-11-21T18:30:00.000Z,18-25,3884.252577,Groceries,77,3,Q4
2023-04-08T18:30:00.000Z,18-25,1563.582822,Groceries,82,6,Q2
2025-04-20T18:30:00.000Z,26-40,2843.207013,Groceries,29,,Q2
2023-02-02T18:30:00.000Z,26-40,4908.079359,Groceries,25,1,Q1
2025-07-19T18:30:00.000Z,18-25,4491.739412,Entertainment,56,9,Q3
2024-08-03T18:30:00.000Z,18-25,4763.800486,Entertainment,77,6,Q3
2023-06-19T18:30:00.000Z,18-25,1936.820629,Utilities,63,8,Q2
2023-12-31T18:30:00.000Z,26-40,3936.771248,Groceries,27,5,Q1
2025-02-21T18:30:00.000Z,18-25,3103.290779,Entertainment,60,7,Q1
2023-02-27T18:30:00.000Z,26-40,422.8480645,Travel,83,6,Q1
2023-06-29T18:30:00.000Z,18-25,4121.662142,Entertainment,49,5,Q2
2023-01-18T18:30:00.000Z,26-40,3388.735369,Groceries,65,2,Q1
2023-08-13T18:30:00.000Z,41+,1002.597624,Groceries,38,4,Q3
2024-04-16T18:30:00.000Z,18-25,407.8954016,Groceries,83,4,Q2
2023-04-04T18:30:00.000Z,18-25,4186.740432,Utilities,52,3,Q2
2025-05-29T18:30:00.000Z,41+,403.7201292,Utilities,1,8,Q2
2023-10-23T18:30:00.000Z,18-25,465.8557882,Utilities,40,7,Q4
2024-08-14T18:30:00.000Z,18-25,2142.767357,Travel,81,2,Q3
2023-06-23T18:30:00.000Z,41+,682.6411638,Groceries,21,3,Q2
2023-08-09T18:30:00.000Z,41+,4569.211291,Utilities,86,9,Q3
2024-09-05T18:30:00.000Z,26-40,2356.716842,Utilities,15,5,Q3
2023-02-22T18:30:00.000Z,18-25,2850.063393,Groceries,50,2,Q1
2024-11-24T18:30:00.000Z,18-25,4641.249386,Groceries,48,3,Q4
2025-05-11T18:30:00.000Z,18-25,2656.013496,Entertainment,32,8,Q2
2024-02-06T18:30:00.000Z,26-40,1774.419818,Groceries,49,4,Q1
2023-11-13T18:30:00.000Z,26-40,3987.803978,Groceries,68,2,Q4
2025-05-15T18:30:00.000Z,41+,2219.822485,Utilities,45,2,Q2
2023-12-14T18:30:00.000Z,18-25,1599.162434,Utilities,32,6,Q4
2024-03-17T18:30:00.000Z,26-40,3618.914998,Groceries,4,8,Q1
2025-04-11T18:30:00.000Z,18-25,4010.012326,Entertainment,65,7,Q2
2024-08-01T18:30:00.000Z,18-25,3960.663676,Travel,97,4,Q3
2024-06-22T18:30:00.000Z,26-40,4888.595327,Entertainment,71,2,Q2
2025-02-23T18:30:00.000Z,18-25,3935.468075,Groceries,73,9,Q1
2023-10-08T18:30:00.000Z,26-40,3851.967845,Travel,65,4,Q4
2023-12-25T18:30:00.000Z,26-40,4288.851416,Travel,80,9,Q4
2025-07-02T18:30:00.000Z,41+,10.92412452,Utilities,18,5,Q3
2025-04-01T18:30:00.000Z,26-40,1818.532742,Groceries,54,7,Q2
2024-09-21T18:30:00.000Z,41+,3690.639449,Groceries,47,5,Q3
2025-06-09T18:30:00.000Z,26-40,3002.597865,Utilities,6,2,Q2
2025-08-09T18:30:00.000Z,18-25,896.0842931,Groceries,66,6,Q3
2024-10-06T18:30:00.000Z,26-40,1525.628115,Travel,9,7,Q4
2024-10-01T18:30:00.000Z,26-40,3102.597865,Groceries,68,6,Q4
2023-01-07T18:30:00.000Z,26-40,2843.462275,Groceries,23,3,Q1
2025-09-18T18:30:00.000Z,26-40,4159.675499,Entertainment,43,8,Q3
2024-07-15T18:30:00.000Z,18-25,4663.133981,Groceries,51,3,Q3
2024-05-04T18:30:00.000Z,18-25,3752.96114,Utilities,72,5,Q2
2023-12-06T18:30:00.000Z,18-25,4216.322447,Groceries,25,9,Q4
2024-04-15T18:30:00.000Z,26-40,2355.778833,Travel,80,5,Q2
2025-03-02T18:30:00.000Z,26-40,1954.978845,Travel,35,7,Q1
2024-11-16T18:30:00.000Z,26-40,1969.615575,Groceries,17,7,Q4
2024-11-24T18:30:00.000Z,18-25,3084.032256,Travel,18,5,Q4
2024-12-03T18:30:00.000Z,18-25,629.9411607,Groceries,27,2,Q4
2023-09-05T18:30:00.000Z,26-40,2901.675972,Travel,15,5,Q3
2023-08-22T18:30:00.000Z,26-40,3329.012972,Entertainment,81,7,Q3
2023-03-23T18:30:00.000Z,26-40,2200.154614,Groceries,69,7,Q1
2023-04-02T18:30:00.000Z,26-40,4766.304212,Entertainment,80,4,Q2
2025-06-02T18:30:00.000Z,18-25,3044.984229,Entertainment,15,1,Q2
2024-01-28T18:30:00.000Z,26-40,1107.797366,Utilities,42,6,Q1
2025-04-02T18:30:00.000Z,41+,2401.289125,Groceries,34,3,Q2
2023-09-24T18:30:00.000Z,26-40,3380.268141,Entertainment,48,5,Q3
2024-02-20T18:30:00.000Z,26-40,1624.909332,Groceries,83,4,Q1
2024-09-22T18:30:00.000Z,26-40,407.4116154,Travel,8,2,Q3
2024-08-04T18:30:00.000Z,26-40,2921.343817,Groceries,10,7,Q3
2024-06-11T18:30:00.000Z,26-40,4739.872141,Entertainment,5,5,Q2
2023-09-09T18:30:00.000Z,26-40,,Groceries,48,7,Q3
2025-08-13T18:30:00.000Z,26-40,4531.484312,Entertainment,26,9,Q3
2023-05-01T18:30:00.000Z,18-25,4176.767706,Travel,86,4,Q2
2025-06-09T18:30:00.000Z,41+,745.5897903,Travel,23,5,Q2
2023-01-09T18:30:00.000Z,26-40,3543.76791,Travel,62,9,Q1
2025-03-08T18:30:00.000Z,18-25,2182.97297,Entertainment,13,4,Q1
2023-11-11T18:30:00.000Z,26-40,1258.729163,Travel,9,5,Q4
2025-04-16T18:30:00.000Z,18-25,3437.822395,Entertainment,20,5,Q2
2023-09-29T18:30:00.000Z,18-25,3715.876986,Utilities,92,8,Q3
2023-11-01T18:30:00.000Z,18-25,907.6826305,Entertainment,57,4,Q4
2025-03-14T18:30:00.000Z,26-40,4573.078963,Entertainment,24,4,Q1
2023-07-28T18:30:00.000Z,41+,3758.224747,Groceries,33,7,Q3
2025-08-14T18:30:00.000Z,26-40,4667.543741,Entertainment,20,5,Q3
2024-12-29T18:30:00.000Z,26-40,1592.195362,Groceries,60,6,Q4
2025-01-21T18:30:00.000Z,26-40,4697.281729,Travel,48,6,Q1
2025-06-03T18:30:00.000Z,18-25,1848.903113,Entertainment,64,6,Q2
2024-04-07T18:30:00.000Z,18-25,279.3091095,Utilities,30,5,Q2
2024-12-11T18:30:00.000Z,26-40,3817.21725,Groceries,73,5,Q4
2024-12-27T18:30:00.000Z,41+,3520.505639,Groceries,17,9,Q4
2024-12-16T18:30:00.000Z,26-40,2993.575851,Travel,14,8,Q4
2025-07-12T18:30:00.000Z,26-40,2454.569784,Groceries,19,4,Q3
2024-02-19T18:30:00.000Z,41+,170.5046989,Entertainment,71,7,Q1
2023-08-03T18:30:00.000Z,18-25,3126.740285,Travel,59,8,Q3
2023-03-20T18:30:00.000Z,26-40,2090.00473,Entertainment,67,9,Q1
2025-02-16T18:30:00.000Z,26-40,2805.44492,Groceries,97,5,Q1
2024-04-23T18:30:00.000Z,26-40,2152.313496,,44,3,Q2
2025-06-19T18:30:00.000Z,18-25,4830.620102,Groceries,32,4,Q2
2025-06-08T18:30:00.000Z,26-40,3024.503417,Travel,11,6,Q2
2024-06-29T18:30:00.000Z,26-40,3748.68929,Groceries,2,5,Q2
2025-03-10T18:30:00.000Z,18-25,4682.371268,Entertainment,90,9,Q1
2023-01-17T18:30:00.000Z,26-40,2962.080621,Groceries,68,3,Q1
2023-06-13T18:30:00.000Z,18-25,70.19196393,Travel,17,2,Q2
2024-06-07T18:30:00.000Z,41+,181.1154748,Groceries,81,6,Q2
2023-07-20T18:30:00.000Z,26-40,3514.668786,Travel,92,7,Q3
2025-01-09T18:30:00.000Z,41+,1402.634829,Entertainment,94,5,Q1
2023-12-11T18:30:00.000Z,18-25,2901.104839,Groceries,40,1,Q4
2023-12-31T18:30:00.000Z,18-25,1019.363134,Travel,87,3,Q1
2025-09-02T18:30:00.000Z,18-25,1358.541887,Entertainment,46,3,Q3
2024-03-22T18:30:00.000Z,18-25,2528.158869,Groceries,88,4,Q1
2024-05-26T18:30:00.000Z,18-25,4878.091622,Groceries,93,6,Q2
2023-11-14T18:30:00.000Z,26-40,3085.189741,Entertainment,4,5,Q4
2023-08-04T18:30:00.000Z,18-25,4681.379042,Groceries,38,1,Q3
2023-02-02T18:30:00.000Z,26-40,4797.305473,Groceries,63,6,Q1
2025-05-19T18:30:00.000Z,18-25,1048.468882,Groceries,29,9,Q2
2023-09-22T18:30:00.000Z,26-40,1562.856076,Entertainment,19,1,Q3
2024-09-30T18:30:00.000Z,26-40,3852.261483,Entertainment,91,8,Q4
2024-12-23T18:30:00.000Z,26-40,4335.152371,Groceries,29,8,Q4
2025-02-12T18:30:00.000Z,41+,2600.941454,Utilities,,3,Q1
2025-04-02T18:30:00.000Z,18-25,4966.198076,Travel,70,9,Q2
2023-03-20T18:30:00.000Z,26-40,67.74527179,Groceries,23,8,Q1
2024-11-06T18:30:00.000Z,26-40,1504.967351,Groceries,46,3,Q4
2024-02-16T18:30:00.000Z,26-40,3119.577151,Utilities,44,5,Q1
2023-09-08T18:30:00.000Z,26-40,2351.756656,Entertainment,48,3,Q3
2023-01-11T18:30:00.000Z,26-40,591.8488025,Groceries,52,5,Q1
2024-02-04T18:30:00.000Z,26-40,1845.257557,Entertainment,8,9,Q1
2025-03-25T18:30:00.000Z,26-40,136.981245,Travel,55,4,Q1
2024-12-23T18:30:00.000Z,41+,3217.30277,Groceries,66,6,Q4
2023-10-08T18:30:00.000Z,41+,4464.78529,Travel,77,3,Q4
2023-04-21T18:30:00.000Z,18-25,4425.521878,Travel,40,3,Q2
2024-12-22T18:30:00.000Z,18-25,3500.726924,Entertainment,85,5,Q4
2024-01-12T18:30:00.000Z,41+,2334.193276,Travel,31,8,Q1
2025-01-19T18:30:00.000Z,41+,2565.037777,Groceries,48,8,Q1
2023-09-24T18:30:00.000Z,18-25,693.2249317,Entertainment,61,3,Q3
2025-07-04T18:30:00.000Z,18-25,1711.675295,Entertainment,52,8,Q3
2023-10-24T18:30:00.000Z,41+,946.7630967,Entertainment,38,8,Q4
2023-11-12T18:30:00.000Z,26-40,4107.789015,Groceries,91,3,Q4
2024-07-22T18:30:00.000Z,18-25,4574.621968,Groceries,36,2,Q3
2024-05-22T18:30:00.000Z,26-40,2689.247074,Groceries,87,2,Q2
2025-08-06T18:30:00.000Z,41+,3641.542562,Groceries,55,9,Q3
2024-06-28T18:30:00.000Z,41+,616.1092068,Groceries,85,7,Q2
2025-02-12T18:30:00.000Z,26-40,3046.58787,Travel,13,6,Q1
2023-12-30T18:30:00.000Z,26-40,3516.927197,Groceries,37,7,Q4
2024-06-29T18:30:00.000Z,18-25,2269.312966,Entertainment,47,8,Q2
2023-09-27T18:30:00.000Z,41+,1223.932692,Groceries,90,1,Q3
2025-08-17T18:30:00.000Z,18-25,4388.098858,Groceries,71,8,Q3
2024-04-17T18:30:00.000Z,41+,3717.114513,Groceries,22,3,Q2
2025-01-07T18:30:00.000Z,18-25,4500.287836,Groceries,39,3,Q1
2024-06-19T18:30:00.000Z,41+,4093.829211,Entertainment,87,6,Q2
2023-08-21T18:30:00.000Z,18-25,4951.968404,Groceries,58,4,Q3
2023-02-27T18:30:00.000Z,26-40,968.9419387,Utilities,30,4,Q1
2023-09-07T18:30:00.000Z,18-25,442.8713613,Utilities,18,4,Q3
2025-04-25T18:30:00.000Z,26-40,1691.643929,Entertainment,18,9,Q2
2023-03-26T18:30:00.000Z,41+,653.7308334,Travel,74,8,Q1
2025-01-31T18:30:00.000Z,26-40,2620.419263,Groceries,39,3,Q1
2024-01-24T18:30:00.000Z,26-40,3168.814238,Entertainment,94,1,Q1
2023-06-28T18:30:00.000Z,18-25,2895.66019,Travel,26,1,Q2
2024-12-18T18:30:00.000Z,41+,1303.608276,Groceries,71,1,Q4
2025-05-04T18:30:00.000Z,26-40,4545.031915,Groceries,7,4,Q2
2023-05-28T18:30:00.000Z,26-40,115.650095,Groceries,69,6,Q2
2024-08-04T18:30:00.000Z,26-40,1746.586635,Entertainment,65,4,Q3
2023-04-30T18:30:00.000Z,26-40,3597.772452,Entertainment,46,3,Q2
2025-02-02T18:30:00.000Z,26-40,3836.975342,,18,8,Q1
2024-08-26T18:30:00.000Z,26-40,2086.431537,Entertainment,13,8,Q3
2023-09-12T18:30:00.000Z,26-40,94.37996815,Entertainment,25,6,Q3
2025-02-03T18:30:00.000Z,41+,3094.037959,Travel,8,9,Q1
2025-05-12T18:30:00.000Z,41+,324.8424591,Groceries,74,1,Q2
2025-03-09T18:30:00.000Z,18-25,548.200323,Travel,32,8,Q1
2023-11-04T18:30:00.000Z,18-25,3254.751091,Entertainment,17,6,Q4
2023-02-27T18:30:00.000Z,18-25,1569.316747,Travel,79,1,Q1
2023-03-09T18:30:00.000Z,18-25,1746.670462,Travel,79,4,Q1
2024-03-20T18:30:00.000Z,26-40,2439.167314,Entertainment,48,5,Q1
2024-01-22T18:30:00.000Z,41+,4893.10619,Groceries,63,7,Q1
2023-03-26T18:30:00.000Z,18-25,1846.670462,Entertainment,40,8,Q1
2025-02-23T18:30:00.000Z,26-40,2087.142387,Utilities,84,9,Q1
2023-08-14T18:30:00.000Z,41+,1334.841094,Entertainment,15,6,Q3
2024-08-14T18:30:00.000Z,41+,1519.934842,Groceries,99,9,Q3
2024-09-16T18:30:00.000Z,26-40,1351.218678,Groceries,6,4,Q3
2023-07-02T18:30:00.000Z,26-40,2665.906578,Utilities,94,8,Q3
2025-03-01T18:30:00.000Z,26-40,3038.230441,Groceries,63,3,Q1
2023-11-17T18:30:00.000Z,18-25,2449.009147,Groceries,8,4,Q4
2025-06-26T18:30:00.000Z,18-25,2045.891868,Groceries,95,4,Q2
2023-11-13T18:30:00.000Z,18-25,1064.312337,Utilities,32,6,Q4
2024-07-18T18:30:00.000Z,18-25,2417.702901,Groceries,45,9,Q3
2024-02-02T18:30:00.000Z,41+,1712.102542,Entertainment,52,6,Q1
2024-12-08T18:30:00.000Z,26-40,2712.561359,Entertainment,79,1,Q4
2025-06-16T18:30:00.000Z,26-40,3379.195183,Groceries,82,5,Q2
2023-10-19T18:30:00.000Z,26-40,3170.22775,Travel,13,9,Q4
2023-10-19T18:30:00.000Z,18-25,2317.82615,Entertainment,24,5,Q4
2024-04-28T18:30:00.000Z,26-40,2784.701597,Entertainment,40,6,Q2
2025-06-16T18:30:00.000Z,41+,1431.432093,Travel,14,3,Q2
2024-03-21T18:30:00.000Z,18-25,130.9588925,Utilities,92,8,Q1
2025-03-12T18:30:00.000Z,18-25,3128.847076,Entertainment,75,4,Q1
2024-11-21T18:30:00.000Z,26-40,1270.31711,Groceries,70,4,Q4
2025-09-08T18:30:00.000Z,26-40,3348.079013,Travel,62,5,Q3
2025-06-09T18:30:00.000Z,26-40,3737.572413,Entertainment,89,9,Q2
2024-02-15T18:30:00.000Z,26-40,4580.479453,Utilities,61,8,Q1
2024-05-21T18:30:00.000Z,26-40,4791.032749,Utilities,1,7,Q2
2025-01-02T18:30:00.000Z,18-25,62.52497109,Groceries,89,5,Q1
2025-02-23T18:30:00.000Z,18-25,4951.967305,Utilities,66,9,Q1
2025-06-07T18:30:00.000Z,26-40,3418.261409,Groceries,32,9,Q2
2023-08-31T18:30:00.000Z,41+,3221.18556,Entertainment,13,2,Q3
2024-02-23T18:30:00.000Z,41+,85.91334502,Groceries,33,4,Q1
2025-07-16T18:30:00.000Z,41+,4307.554725,Travel,32,8,Q3
2025-08-16T18:30:00.000Z,26-40,736.0023218,Entertainment,56,1,Q3
2023-06-02T18:30:00.000Z,26-40,4188.277468,Entertainment,24,5,Q2
2025-03-25T18:30:00.000Z,26-40,87.65710583,Utilities,91,8,Q1
2024-02-27T18:30:00.000Z,41+,3233.36167,Entertainment,4,2,Q1
2023-09-29T18:30:00.000Z,18-25,2179.659654,Entertainment,88,2,Q3
2025-07-23T18:30:00.000Z,26-40,1011.825978,Travel,23,8,Q3
2024-10-07T18:30:00.000Z,26-40,546.7313449,Travel,29,9,Q4
2025-04-03T18:30:00.000Z,26-40,2206.237206,Utilities,98,7,Q2
2024-06-02T18:30:00.000Z,18-25,625.2959686,Utilities,21,8,Q2
2023-05-07T18:30:00.000Z,26-40,2437.368592,Groceries,30,5,Q2
2024-01-07T18:30:00.000Z,26-40,3129.833123,Entertainment,90,1,Q1
2024-07-20T18:30:00.000Z,26-40,4138.647126,Groceries,20,4,Q3
2024-09-28T18:30:00.000Z,26-40,3396.460692,Entertainment,16,2,Q3
2023-06-07T18:30:00.000Z,18-25,335.3468359,Groceries,67,3,Q2
2024-07-23T18:30:00.000Z,41+,1544.088337,Travel,49,3,Q3
2024-07-22T18:30:00.000Z,26-40,1447.013254,Groceries,58,9,Q3
2024-10-12T18:30:00.000Z,26-40,4576.011793,Groceries,44,4,Q4
2023-06-24T18:30:00.000Z,18-25,4340.232402,Groceries,25,2,Q2
2025-07-14T18:30:00.000Z,18-25,1857.038113,Groceries,23,3,Q3
2024-09-10T18:30:00.000Z,26-40,365.0647269,Entertainment,59,3,Q3
2023-07-29T18:30:00.000Z,26-40,4471.595516,Groceries,1,7,Q3
2024-03-21T18:30:00.000Z,26-40,4442.067865,Groceries,97,8,Q1
2024-08-07T18:30:00.000Z,18-25,4275.183199,Groceries,15,6,Q3
2023-06-15T18:30:00.000Z,41+,4226.957372,Travel,81,4,Q2
2024-04-03T18:30:00.000Z,26-40,2406.467465,Travel,98,6,Q2
2025-07-03T18:30:00.000Z,18-25,895.3839447,Groceries,81,1,Q3
2023-12-22T18:30:00.000Z,26-40,2392.665372,Travel,52,8,Q4
2023-10-30T18:30:00.000Z,41+,2478.042876,Entertainment,58,1,Q4
2023-08-20T18:30:00.000Z,26-40,2454.759449,Groceries,41,5,Q3
2023-11-22T18:30:00.000Z,18-25,2698.475205,Entertainment,44,2,Q4
2025-06-01T18:30:00.000Z,26-40,1295.708545,Groceries,4,6,Q2
2023-06-30T18:30:00.000Z,18-25,1837.543494,Travel,77,9,Q3
2024-09-24T18:30:00.000Z,18-25,2176.591094,Groceries,68,5,Q3
2023-11-29T18:30:00.000Z,18-25,664.2948355,Utilities,7,4,Q4
2024-12-14T18:30:00.000Z,26-40,2282.267031,Groceries,46,5,Q4
2025-08-23T18:30:00.000Z,18-25,4054.243389,Entertainment,9,3,Q3
2023-01-28T18:30:00.000Z,41+,4142.017118,Utilities,87,6,Q1
2024-12-13T18:30:00.000Z,18-25,2063.703222,Groceries,33,8,Q4
2023-04-02T18:30:00.000Z,18-25,2598.853477,Entertainment,33,8,Q2
2025-04-19T18:30:00.000Z,26-40,177.9151574,Groceries,84,5,Q2
2025-05-16T18:30:00.000Z,18-25,3375.418457,Entertainment,4,5,Q2
2024-11-17T18:30:00.000Z,26-40,2028.983356,Groceries,65,3,Q4
2023-11-25T18:30:00.000Z,18-25,2232.933639,Groceries,34,7,Q4
2024-12-22T18:30:00.000Z,18-25,4369.626909,Entertainment,91,6,Q4
2023-07-02T18:30:00.000Z,18-25,2314.553828,Entertainment,85,1,Q3
2023-04-04T18:30:00.000Z,26-40,115.7493087,Entertainment,88,4,Q2
2025-02-22T18:30:00.000Z,18-25,1145.179545,Groceries,79,6,Q1
2024-10-09T18:30:00.000Z,26-40,2383.346865,Groceries,99,6,Q4
2025-01-17T18:30:00.000Z,26-40,2127.737501,Entertainment,64,3,Q1
2023-12-18T18:30:00.000Z,26-40,4303.246985,Entertainment,25,6,Q4
2025-07-17T18:30:00.000Z,26-40,2715.266171,Groceries,55,6,Q3
2025-07-28T18:30:00.000Z,26-40,3451.282352,Groceries,9,9,Q3
2025-09-09T18:30:00.000Z,41+,2351.923252,Groceries,17,9,Q3
2023-09-21T18:30:00.000Z,18-25,2203.882113,Groceries,21,2,Q3
2024-10-07T18:30:00.000Z,18-25,2236.970476,Groceries,60,4,Q4
2024-10-16T18:30:00.000Z,18-25,2060.498633,Groceries,13,9,Q4
2023-01-18T18:30:00.000Z,18-25,2697.531095,Entertainment,,4,Q1
2025-01-11T18:30:00.000Z,18-25,1259.712575,Entertainment,68,8,Q1
2024-10-06T18:30:00.000Z,26-40,4456.365417,Groceries,4,3,Q4
2024-09-16T18:30:00.000Z,26-40,1672.096885,Groceries,92,3,Q3
2024-05-12T18:30:00.000Z,41+,746.1439325,Groceries,7,9,Q2
2023-05-18T18:30:00.000Z,18-25,491.7868882,Entertainment,26,8,Q2
2024-09-27T18:30:00.000Z,18-25,76.98034645,Utilities,75,1,Q3
2024-12-15T18:30:00.000Z,41+,2120.051832,Entertainment,24,2,Q4
2024-07-25T18:30:00.000Z,41+,946.1788328,Travel,10,3,Q3
2025-01-30T18:30:00.000Z,26-40,118.0230339,Travel,13,2,Q1
2025-03-19T18:30:00.000Z,26-40,2604.897536,Groceries,44,3,Q1
2024-06-07T18:30:00.000Z,41+,3403.092958,Groceries,39,8,Q2
2025-06-25T18:30:00.000Z,26-40,437.897744,Entertainment,19,6,Q2
2023-09-11T18:30:00.000Z,18-25,2309.994657,Groceries,51,7,Q3
2023-03-25T18:30:00.000Z,41+,3720.707106,Entertainment,19,6,Q1
2024-04-01T18:30:00.000Z,26-40,4929.176037,Travel,76,1,Q2
2024-06-14T18:30:00.000Z,18-25,3339.27982,Travel,52,3,Q2
2024-07-14T18:30:00.000Z,26-40,1231.749359,Groceries,86,1,Q3
2024-11-05T18:30:00.000Z,26-40,3585.602662,Entertainment,47,9,Q4
2023-04-01T18:30:00.000Z,41+,2993.66784,Entertainment,30,9,Q2
2024-08-21T18:30:00.000Z,18-25,1066.87845,Travel,46,5,Q3
2023-03-09T18:30:00.000Z,41+,4257.043021,Travel,76,4,Q1
2023-02-05T18:30:00.000Z,26-40,2142.748092,Utilities,93,9,Q1
2025-02-02T18:30:00.000Z,26-40,4810.268497,Groceries,21,9,Q1
2025-02-01T18:30:00.000Z,18-25,3617.276027,Entertainment,75,3,Q1
2023-05-19T18:30:00.000Z,26-40,3226.370142,Groceries,48,5,Q2
2025-05-15T18:30:00.000Z,41+,3644.480659,Groceries,62,3,Q2
2025-06-10T18:30:00.000Z,18-25,2395.704124,Utilities,58,2,Q2
2024-11-09T18:30:00.000Z,18-25,2531.080124,Utilities,18,1,Q4
2024-07-18T18:30:00.000Z,26-40,4257.524853,Groceries,59,2,Q3
2025-06-15T18:30:00.000Z,26-40,3407.833398,Groceries,91,8,Q2
2023-06-26T18:30:00.000Z,18-25,4487.244193,Groceries,48,8,Q2
2025-03-18T18:30:00.000Z,26-40,4455.2255,Travel,63,3,Q1
2025-03-22T18:30:00.000Z,26-40,4882.68527,Groceries,12,7,Q1
2025-05-19T18:30:00.000Z,18-25,3504.071148,Groceries,87,7,Q2
2024-09-08T18:30:00.000Z,26-40,2516.485571,Groceries,34,2,Q3
2023-05-16T18:30:00.000Z,18-25,839.895384,Entertainment,61,9,Q2
2023-07-08T18:30:00.000Z,26-40,3529.848993,Utilities,87,3,Q3
2024-09-30T18:30:00.000Z,26-40,1464.972807,Groceries,53,2,Q4
2023-12-07T18:30:00.000Z,26-40,1421.908365,Entertainment,25,3,Q4
2024-07-11T18:30:00.000Z,18-25,1199.056004,Groceries,62,2,Q3
2023-01-04T18:30:00.000Z,18-25,4376.859066,Entertainment,4,8,Q1
2025-08-28T18:30:00.000Z,41+,4341.142589,Entertainment,94,5,Q3
2023-09-13T18:30:00.000Z,26-40,3158.54252,Groceries,94,3,Q3
2025-03-21T18:30:00.000Z,26-40,2370.175097,Groceries,13,5,Q1
2024-10-22T18:30:00.000Z,26-40,3363.851156,Travel,42,8,Q4
2025-03-15T18:30:00.000Z,26-40,3040.074957,Groceries,49,7,Q1
2023-08-30T18:30:00.000Z,18-25,2084.513899,Entertainment,78,6,Q3
2025-02-24T18:30:00.000Z,18-25,1904.358029,Groceries,56,1,Q1
2024-12-19T18:30:00.000Z,18-25,1920.143598,Groceries,47,1,Q4
2024-02-18T18:30:00.000Z,26-40,2949.775682,Entertainment,8,1,Q1
2024-09-17T18:30:00.000Z,18-25,3241.870087,Travel,55,8,Q3
2024-12-06T18:30:00.000Z,18-25,2264.19135,Entertainment,88,8,Q4
2023-12-08T18:30:00.000Z,26-40,4843.770337,Groceries,18,7,Q4
2024-11-11T18:30:00.000Z,18-25,428.3901328,Entertainment,35,6,Q4
2024-01-13T18:30:00.000Z,26-40,1741.76466,Entertainment,89,4,Q1
2024-08-15T18:30:00.000Z,18-25,2101.182669,Entertainment,81,1,Q3
2024-10-26T18:30:00.000Z,18-25,94.43750389,Entertainment,32,9,Q4
2024-10-13T18:30:00.000Z,26-40,1831.136366,Groceries,24,1,Q4
2025-04-04T18:30:00.000Z,18-25,1375.812487,Entertainment,7,4,Q2
2023-05-25T18:30:00.000Z,41+,2535.120988,Entertainment,13,3,Q2
2023-11-18T18:30:00.000Z,26-40,1688.68863,Groceries,91,7,Q4
2023-05-01T18:30:00.000Z,18-25,3633.648853,Entertainment,69,5,Q2
2023-09-08T18:30:00.000Z,18-25,2554.563152,Groceries,90,5,Q3
2025-05-03T18:30:00.000Z,26-40,657.5135451,Groceries,42,4,Q2
2025-06-16T18:30:00.000Z,18-25,3752.806007,Utilities,31,1,Q2
2023-11-06T18:30:00.000Z,18-25,505.1521915,Groceries,74,5,Q4
2024-08-22T18:30:00.000Z,26-40,4196.855349,Groceries,26,4,Q3
2024-04-18T18:30:00.000Z,41+,4657.796748,Entertainment,86,8,Q2
2024-07-22T18:30:00.000Z,26-40,1619.001998,Utilities,76,2,Q3
2024-05-05T18:30:00.000Z,26-40,4631.45174,Utilities,32,8,Q2
2024-07-27T18:30:00.000Z,41+,3967.110714,Entertainment,91,1,Q3
2023-12-12T18:30:00.000Z,18-25,4612.953699,Groceries,97,4,Q4
2025-03-29T18:30:00.000Z,41+,3334.687983,Utilities,52,3,Q1
2024-04-30T18:30:00.000Z,26-40,1185.863757,Entertainment,20,5,Q2
2024-04-16T18:30:00.000Z,18-25,4473.670952,Groceries,40,5,Q2
2024-01-16T18:30:00.000Z,41+,929.4827301,Travel,59,5,Q1
2023-10-06T18:30:00.000Z,18-25,1073.17215,Groceries,77,4,Q4
2023-03-12T18:30:00.000Z,18-25,1362.604321,Groceries,14,8,Q1
2024-06-03T18:30:00.000Z,26-40,1528.189094,Travel,44,3,Q2
2023-12-31T18:30:00.000Z,26-40,2577.253414,Entertainment,86,4,Q1
2025-07-20T18:30:00.000Z,18-25,3570.152229,Groceries,82,1,Q3
2023-04-03T18:30:00.000Z,18-25,4631.77879,Groceries,48,7,Q2
2024-01-07T18:30:00.000Z,26-40,451.3035608,Entertainment,93,1,Q1
2023-12-04T18:30:00.000Z,26-40,4772.303118,Groceries,43,2,Q4
2024-03-11T18:30:00.000Z,26-40,4607.401606,Groceries,16,7,Q1
2023-12-01T18:30:00.000Z,41+,279.456468,Entertainment,35,1,Q4
2024-10-24T18:30:00.000Z,18-25,1808.002477,Travel,53,3,Q4
2024-05-05T18:30:00.000Z,18-25,4067.585518,Entertainment,34,6,Q2
2025-07-04T18:30:00.000Z,26-40,3061.766962,Travel,3,6,Q3
2025-05-16T18:30:00.000Z,26-40,3897.678777,Travel,68,6,Q2
2023-02-08T18:30:00.000Z,18-25,3597.976361,Entertainment,5,2,Q1
2023-12-24T18:30:00.000Z,18-25,2488.882865,Groceries,10,2,Q4
2024-07-26T18:30:00.000Z,41+,215.6780493,Travel,52,6,Q3
2023-09-10T18:30:00.000Z,41+,2925.498328,Entertainment,29,5,Q3
2025-08-22T18:30:00.000Z,26-40,252.3475988,Groceries,96,7,Q3
2024-08-02T18:30:00.000Z,18-25,3022.596321,Groceries,31,7,Q3
2024-02-01T18:30:00.000Z,41+,4004.050204,Travel,66,5,Q1
2025-01-25T18:30:00.000Z,41+,2929.108826,Groceries,76,8,Q1
2025-05-25T18:30:00.000Z,26-40,4985.138805,Groceries,91,6,Q2
2023-06-18T18:30:00.000Z,41+,2284.773836,Entertainment,69,5,Q2
2024-11-19T18:30:00.000Z,41+,3746.649043,Travel,37,4,Q4
2024-11-30T18:30:00.000Z,41+,3339.394326,Entertainment,27,7,Q4
2024-05-24T18:30:00.000Z,41+,4957.244141,Groceries,87,4,Q2
2023-09-16T18:30:00.000Z,26-40,3568.962835,Groceries,33,5,Q3
2024-08-05T18:30:00.000Z,26-40,828.51335,Entertainment,68,5,Q3
2025-09-09T18:30:00.000Z,26-40,4778.033355,Groceries,59,1,Q3
2024-04-02T18:30:00.000Z,26-40,3342.20836,Entertainment,64,1,Q2
2024-06-11T18:30:00.000Z,26-40,306.0977717,Groceries,85,3,Q2
2025-05-30T18:30:00.000Z,41+,3291.265846,Utilities,88,3,Q2
2023-12-06T18:30:00.000Z,26-40,4416.765839,Entertainment,44,2,Q4
2023-02-25T18:30:00.000Z,26-40,2889.438891,Groceries,95,2,Q1
2023-08-05T18:30:00.000Z,26-40,1776.557994,Travel,88,6,Q3
2024-09-09T18:30:00.000Z,26-40,4106.339074,Groceries,49,1,Q3
2025-03-25T18:30:00.000Z,26-40,3914.734921,Groceries,53,6,Q1
2025-07-27T18:30:00.000Z,18-25,2725.46895,Travel,74,5,Q3
2024-11-14T18:30:00.000Z,26-40,780.2652318,Groceries,49,6,Q4
2024-12-30T18:30:00.000Z,18-25,1262.422563,Entertainment,66,5,Q4
2024-04-07T18:30:00.000Z,18-25,3695.035021,Groceries,95,7,Q2
2023-09-03T18:30:00.000Z,26-40,4032.350005,Groceries,63,1,Q3
2024-12-29T18:30:00.000Z,41+,1403.533737,Groceries,25,3,Q4
2024-01-07T18:30:00.000Z,18-25,1846.245535,Travel,4,6,Q1
2024-02-20T18:30:00.000Z,18-25,397.3831074,Entertainment,51,1,Q1
2023-01-30T18:30:00.000Z,18-25,3570.175122,Groceries,11,7,Q1
2024-01-02T18:30:00.000Z,26-40,27.85194755,Groceries,17,4,Q1
2024-07-11T18:30:00.000Z,26-40,242.2421909,Utilities,66,3,Q3
2024-10-06T18:30:00.000Z,41+,31.67689824,Utilities,70,2,Q4
2023-04-17T18:30:00.000Z,18-25,3230.144721,Entertainment,73,1,Q2
2024-08-05T18:30:00.000Z,18-25,2092.761767,Travel,69,8,Q3
2025-04-17T18:30:00.000Z,18-25,1494.758339,Travel,84,1,Q2
2024-02-21T18:30:00.000Z,26-40,4564.378042,Groceries,29,5,Q1
2024-09-10T18:30:00.000Z,26-40,972.0859454,Groceries,85,8,Q3
2025-03-30T18:30:00.000Z,41+,1952.946372,Groceries,73,6,Q1
2024-02-01T18:30:00.000Z,26-40,4702.155887,Travel,92,7,Q1
2023-09-28T18:30:00.000Z,26-40,2141.261749,Travel,72,8,Q3
2024-11-12T18:30:00.000Z,26-40,2777.921491,Entertainment,95,6,Q4
2023-04-25T18:30:00.000Z,41+,410.8809642,Groceries,20,6,Q2
2025-04-19T18:30:00.000Z,18-25,3952.930271,Entertainment,27,6,Q2
2024-08-07T18:30:00.000Z,18-25,2119.566298,Travel,8,5,Q3
2023-09-12T18:30:00.000Z,26-40,4004.570472,Travel,85,8,Q3
2023-03-21T18:30:00.000Z,26-40,1276.450236,Groceries,61,2,Q1
2025-02-17T18:30:00.000Z,41+,2118.168965,Entertainment,28,7,Q1
2023-05-07T18:30:00.000Z,26-40,3934.879192,Groceries,87,4,Q2
2025-04-16T18:30:00.000Z,18-25,4869.650058,Travel,70,1,Q2
2025-07-02T18:30:00.000Z,41+,307.5313667,Entertainment,3,5,Q3
2023-08-22T18:30:00.000Z,41+,4064.156325,Groceries,69,3,Q3
2024-07-05T18:30:00.000Z,18-25,1510.438447,Travel,73,4,Q3
2023-06-29T18:30:00.000Z,41+,2758.208972,Groceries,7,7,Q2
2023-06-05T18:30:00.000Z,18-25,1457.560402,Travel,60,5,Q2
2024-03-28T18:30:00.000Z,18-25,3071.092908,Groceries,4,4,Q1
2024-07-23T18:30:00.000Z,41+,1775.476125,Entertainment,5,1,Q3
2025-05-05T18:30:00.000Z,26-40,1674.738306,Utilities,11,6,Q2
2025-01-29T18:30:00.000Z,18-25,199.3121816,Groceries,15,6,Q1
2024-12-03T18:30:00.000Z,18-25,743.3324255,Entertainment,64,7,Q4
2023-01-23T18:30:00.000Z,26-40,4586.220212,Entertainment,98,1,Q1
2024-04-16T18:30:00.000Z,18-25,4991.40437,Groceries,13,4,Q2
2024-02-03T18:30:00.000Z,26-40,3904.797674,Entertainment,7,9,Q1
2025-08-04T18:30:00.000Z,26-40,1441.194998,Travel,6,6,Q3
2024-08-13T18:30:00.000Z,18-25,2018.201241,Utilities,56,2,Q3
2023-05-13T18:30:00.000Z,26-40,3700.12224,Travel,64,4,Q2
2024-02-24T18:30:00.000Z,41+,4842.882649,Entertainment,50,6,Q1
2023-07-31T18:30:00.000Z,26-40,2282.801142,Travel,30,4,Q3
2025-06-17T18:30:00.000Z,18-25,4149.316852,Travel,22,7,Q2
2024-04-25T18:30:00.000Z,18-25,4875.593924,Entertainment,25,3,Q2
2023-12-13T18:30:00.000Z,26-40,4368.631124,Groceries,28,6,Q4
2023-06-14T18:30:00.000Z,41+,1143.477236,Entertainment,84,4,Q2
2025-07-24T18:30:00.000Z,18-25,50.07900074,Travel,39,3,Q3
2023-12-13T18:30:00.000Z,18-25,2465.48771,Entertainment,67,3,Q4
2025-04-27T18:30:00.000Z,26-40,2661.49055,Travel,5,2,Q2
2024-02-01T18:30:00.000Z,26-40,1014.239319,Groceries,65,3,Q1
2024-08-04T18:30:00.000Z,18-25,1430.525216,Utilities,15,1,Q3
2024-12-25T18:30:00.000Z,41+,3828.114273,Entertainment,90,3,Q4
2024-03-09T18:30:00.000Z,18-25,2357.032821,Entertainment,67,9,Q1
2024-07-29T18:30:00.000Z,26-40,1593.596877,Groceries,40,4,Q3
2023-08-08T18:30:00.000Z,26-40,3116.903877,Groceries,98,3,Q3
2023-11-03T18:30:00.000Z,26-40,3267.271182,Travel,69,8,Q4
2025-09-16T18:30:00.000Z,18-25,3849.284926,Utilities,95,1,Q3
2025-03-07T18:30:00.000Z,26-40,791.9793859,Groceries,77,5,Q1
2024-11-26T18:30:00.000Z,18-25,3710.171089,Groceries,43,1,Q4
2024-12-18T18:30:00.000Z,41+,3001.147677,Groceries,1,7,Q4
2024-04-09T18:30:00.000Z,26-40,891.9793859,Groceries,22,5,Q2
2023-04-08T18:30:00.000Z,26-40,19933.6593,Groceries,62,2,Q2
2023-08-29T18:30:00.000Z,18-25,1921.570604,Travel,79,1,Q3
2023-06-06T18:30:00.000Z,18-25,1658.600862,Utilities,26,7,Q2
2024-08-31T18:30:00.000Z,41+,2245.895006,Groceries,18,1,Q3
2024-07-06T18:30:00.000Z,41+,1737.413636,Entertainment,48,3,Q3
2024-10-11T18:30:00.000Z,41+,1698.045105,Groceries,9,6,Q4
2025-03-04T18:30:00.000Z,26-40,4042.307562,Groceries,1,6,Q1
2025-07-07T18:30:00.000Z,26-40,631.2812193,Groceries,9,7,Q3
2023-08-14T18:30:00.000Z,26-40,4853.294339,Entertainment,23,1,Q3
2024-02-26T18:30:00.000Z,41+,2779.108905,Groceries,45,7,Q1
2023-03-12T18:30:00.000Z,18-25,922.7907521,Entertainment,2,6,Q1
2023-08-30T18:30:00.000Z,26-40,664.7652598,Groceries,14,6,Q3
2024-06-12T18:30:00.000Z,26-40,2961.632565,Groceries,38,8,Q2
2024-08-10T18:30:00.000Z,26-40,3168.667225,Groceries,40,5,Q3
2023-02-13T18:30:00.000Z,26-40,274.5985974,Travel,63,3,Q1
2024-04-15T18:30:00.000Z,41+,1222.579552,Travel,82,8,Q2
2024-01-05T18:30:00.000Z,18-25,3979.354987,Travel,16,8,Q1
2025-05-03T18:30:00.000Z,18-25,257.6268924,Groceries,93,4,Q2
2024-10-12T18:30:00.000Z,18-25,4276.892433,Groceries,75,8,Q4
2024-11-18T18:30:00.000Z,41+,3294.230758,Groceries,6,5,Q4
2025-01-02T18:30:00.000Z,26-40,2177.772064,Groceries,3,5,Q1
2025-07-14T18:30:00.000Z,26-40,1738.699916,Travel,14,3,Q3
2023-04-01T18:30:00.000Z,18-25,106.0523296,Groceries,66,7,Q2
2024-05-23T18:30:00.000Z,41+,2915.081873,Groceries,22,5,Q2
2023-11-26T18:30:00.000Z,18-25,425.1770644,Groceries,26,5,Q4
2023-06-02T18:30:00.000Z,41+,1385.027784,Travel,55,1,Q2
2024-12-08T18:30:00.000Z,26-40,2712.561359,Entertainment,79,1,Q4
2023-08-08T18:30:00.000Z,18-25,2235.277054,Entertainment,16,4,Q3
2024-08-07T18:30:00.000Z,18-25,2119.566298,Travel,8,5,Q3
2024-02-19T18:30:00.000Z,26-40,2973.430101,Entertainment,62,1,Q1